,reward,ma_reward,avg_q,avg_loss
0,2023.9038,2023.9038,,
1,1839.6959,2005.483,128.39236450195312,297.9892433166504
2,2431.3167,2048.0664,17.683921813964844,11.214275527000428
3,2396.5188,2082.9116,19.514551162719727,9.865080471038818
4,2024.4897,2077.0693,18.300460815429688,10.309002585411072
5,2061.109,2075.4731,18.491146087646484,10.456799120903016
6,2361.7078,2104.0967,19.156673431396484,10.357054443359376
7,2176.9478,2111.3818,19.33991050720215,10.027016131877899
8,2191.9258,2119.4363,20.642257690429688,10.56144169330597
9,1750.2886,2082.5215,20.162559509277344,10.628532881736755
10,2108.4807,2085.1174,19.514883041381836,10.338492217063903
11,2365.3232,2113.138,20.267257690429688,10.452004022598267
12,1926.1069,2094.4348,20.145559310913086,11.058794102668763
13,1981.2911,2083.1204,20.757875442504883,10.903938677310943
14,2309.5527,2105.7634,21.26064109802246,10.397010045051575
15,2758.3667,2171.0237,22.21036148071289,10.705630130767823
16,2212.3354,2175.1548,22.207836151123047,11.004856867790222
17,2375.5718,2195.1965,22.564672470092773,11.42186178445816
18,1980.1127,2173.6882,22.526765823364258,10.319982078075409
19,2469.708,2203.29,22.55908203125,11.097913203239441
20,2132.489,2196.21,23.060609817504883,10.779178910255432
21,1923.6761,2168.9565,23.416828155517578,10.576548657417298
22,2107.302,2162.791,23.1086483001709,11.547610087394714
23,2296.3647,2176.1484,23.15471076965332,11.037472801208496
24,2492.5647,2207.79,23.088926315307617,11.180592079162597
25,1698.6853,2156.8794,23.51158905029297,11.30722314119339
26,2253.1208,2166.5034,23.870758056640625,11.1353009223938
27,2350.3628,2184.8894,23.393674850463867,11.73315686225891
28,2509.9614,2217.3965,23.23834800720215,10.764355599880219
29,2490.7239,2244.729,23.407699584960938,10.612228889465332
30,2469.7175,2267.2278,23.320852279663086,10.661165716648101
31,2512.364,2291.7415,23.23000717163086,10.74613174676895
32,2773.4355,2339.9106,23.42514991760254,11.060640816688538
33,2340.1074,2339.9302,23.439218521118164,11.15693205833435
34,2202.1323,2326.1501,23.10539436340332,11.331366899013519
35,2739.784,2367.5137,23.064266204833984,10.830249910354615
36,2502.152,2380.9775,23.421422958374023,11.014549803733825
37,2367.724,2379.652,23.587106704711914,11.164679958820344
38,2307.7117,2372.458,23.635366439819336,11.809602437019349
39,2709.1677,2406.129,23.932321548461914,11.12739453792572
40,2694.7498,2434.9907,23.338851928710938,10.799038233757019
41,2161.9119,2407.6829,23.432302474975586,10.568013541698456
42,2545.376,2421.4521,23.593860626220703,11.258859305381774
43,2414.5325,2420.7603,23.229366302490234,11.875474395751953
44,2883.7659,2467.0605,23.381500244140625,10.893108487129211
45,3006.7917,2521.0337,23.617094039916992,10.876304631233216
46,2859.2427,2554.8545,23.55390167236328,11.107004013061523
47,2688.1868,2568.1875,23.54153060913086,11.529377007484436
48,2443.9346,2555.7622,24.001970291137695,10.953581862449646
49,2506.9814,2550.8843,24.382579803466797,11.31706226348877
50,2690.61,2564.857,24.38145637512207,11.382754838466644
51,3065.6125,2614.9324,24.324499130249023,11.123509268760682
52,2192.537,2572.6926,24.455236434936523,11.441787586212158
53,2243.52,2539.7754,23.815771102905273,11.077645049095153
54,2670.7783,2552.8757,23.8966007232666,11.113268070220947
55,2817.769,2579.365,24.056663513183594,11.265870616436004
56,2436.7502,2565.1035,24.426342010498047,11.153134591579438
57,2332.3267,2541.8257,24.094539642333984,12.442237076759339
58,3302.6619,2617.9092,24.20698356628418,11.081509017944336
59,2655.7612,2621.6943,24.371469497680664,10.902865662574769
60,2743.9875,2633.9236,25.54610824584961,10.78466181755066
61,2874.8477,2658.016,25.714069366455078,11.14434374332428
62,2432.5254,2635.4668,26.08035659790039,10.728665599822998
63,2500.9558,2622.0156,26.33773422241211,11.19037820339203
64,2820.1726,2641.8313,26.478668212890625,11.288015661239625
65,2643.1572,2641.9639,26.65778923034668,10.25213683128357
66,2614.353,2639.2026,27.015174865722656,11.746279530525207
67,2536.9712,2628.9792,27.516555786132812,11.016623575687408
68,2275.3406,2593.6152,27.309860229492188,11.817162289619446
69,2905.9849,2624.852,26.952125549316406,10.636627166271209
70,2726.5603,2635.0227,27.626527786254883,11.270164003372193
71,2599.9717,2631.5173,27.788047790527344,11.0945703125
72,3035.5662,2671.922,27.857030868530273,11.491239533424377
73,2675.5825,2672.288,27.89476776123047,10.80307896733284
74,2641.9646,2669.2559,28.23383140563965,10.51986216545105
75,2352.1248,2637.5427,29.053333282470703,11.033598265647889
76,2666.5188,2640.4402,29.37360382080078,11.120612483024598
77,2907.8108,2667.177,29.107097625732422,10.593284134864808
78,2791.3826,2679.5974,29.330217361450195,11.508800368309021
79,2893.9644,2701.0342,29.630220413208008,10.44759524345398
80,2586.7769,2689.6084,29.69449234008789,11.00046529531479
81,2997.7747,2720.4248,30.197446823120117,11.414591007232666
82,2641.3584,2712.518,30.40291404724121,11.206335802078247
83,3298.4348,2771.1096,30.157066345214844,11.260557770729065
84,2859.1958,2779.9182,30.043598175048828,10.647164607048035
85,2677.9917,2769.7253,30.352392196655273,10.524791746139526
86,3317.5923,2824.512,30.562313079833984,10.476566116809845
87,2745.2122,2816.582,30.728187561035156,10.906027503013611
88,2819.5642,2816.8804,31.695327758789062,10.27510750770569
89,2655.7434,2800.7666,32.11878967285156,10.586111481189727
90,2886.7456,2809.3645,33.314517974853516,10.934588236808777
91,2718.7861,2800.3066,34.03843307495117,10.734639658927918
92,2868.2046,2807.0964,35.04972839355469,10.013763444423676
93,2878.4055,2814.2273,35.25127410888672,10.539292550086975
94,2613.1482,2794.1191,34.767459869384766,11.335608055591583
95,2664.1475,2781.122,35.41516876220703,11.122706551551818
96,3375.2434,2840.5342,35.42680358886719,10.430269613265992
97,2773.9727,2833.878,34.38975524902344,10.563092894554138
98,2841.785,2834.6685,34.793094635009766,11.111502685546874
99,2717.572,2822.959,35.14335250854492,10.450820066928863
100,2775.1743,2818.1804,31.569091796875,10.231621313095093
101,3156.8323,2852.0454,31.355863571166992,11.074631938934326
102,3313.4375,2898.1846,31.678049087524414,10.130841817855835
103,3129.8198,2921.348,31.931392669677734,10.071530084609986
104,2775.1477,2906.728,32.0516242980957,11.036370387077332
105,3351.287,2951.1838,31.604007720947266,10.09297048330307
106,2963.6038,2952.4258,31.846050262451172,10.470769619941711
107,2878.428,2945.026,32.269996643066406,9.936118607521058
108,2842.388,2934.762,32.16022872924805,10.657379083633423
109,3145.4224,2955.828,32.43623733520508,10.035812191963196
110,3116.0024,2971.8455,34.70960235595703,10.008256416320801
111,3432.8884,3017.9497,36.38041305541992,10.750745620727539
112,3366.8506,3052.8398,36.1234130859375,10.252324504852295
113,3234.8713,3071.043,36.505279541015625,9.76324887752533
114,2950.403,3058.979,36.5905876159668,9.888999893665314
115,3077.6008,3060.841,36.38276672363281,9.989998626708985
116,3077.6006,3062.5168,37.036399841308594,10.650411648750305
117,3135.295,3069.7947,37.024078369140625,10.241683044433593
118,3014.5952,3064.2747,33.04486846923828,10.047884628772735
119,3138.833,3071.7305,33.107460021972656,9.96661063671112
120,3436.4897,3108.2063,33.24314880371094,10.135804033279419
121,3033.7979,3100.7654,33.55418395996094,11.200531826019287
122,3350.043,3125.693,33.64875793457031,10.137548279762267
123,3158.014,3128.9253,34.12348556518555,10.14872262954712
124,3102.8132,3126.314,33.9985466003418,10.309407839775085
125,2992.4373,3112.926,34.183616638183594,9.635989758968353
126,3345.251,3136.1584,34.589637756347656,10.124268491268158
127,3084.189,3130.9614,34.3575325012207,9.53482480287552
128,3392.0642,3157.0718,37.10432052612305,10.474400012493133
129,3386.0503,3179.9695,40.684654235839844,10.19917022228241
130,3294.195,3191.3918,39.0962028503418,9.491285636425019
131,3006.212,3172.8738,39.59021759033203,10.145022687911988
132,2897.5723,3145.3438,39.90404510498047,10.628911263942719
133,3110.6594,3141.8752,38.12609100341797,9.44664255619049
134,3034.3748,3131.1252,38.883392333984375,10.580497682094574
135,3282.2688,3146.2395,39.51005172729492,9.933945462703704
136,2933.0093,3124.9165,40.82877731323242,9.868443527221679
137,2832.7522,3095.7,40.299007415771484,10.02850439310074
138,3017.5974,3087.8896,40.5552978515625,10.457449793815613
139,3007.983,3079.899,39.25562286376953,9.915302577018737
140,3386.0537,3110.5144,40.5694580078125,9.56329659461975
141,3297.2368,3129.1865,41.55342483520508,9.507379598617554
142,3066.2566,3122.8936,41.594993591308594,10.300471646785736
143,3397.476,3150.3516,41.515621185302734,9.799600874185563
144,3039.8088,3139.2974,41.86082077026367,9.617637293338776
145,3320.067,3157.374,41.529022216796875,9.896577396392821
146,2989.3577,3140.5723,42.0194091796875,9.85530068397522
147,3327.2332,3159.2383,40.239234924316406,9.585887365341186
148,3279.7976,3171.2942,41.07774353027344,9.652345085144043
149,3310.435,3185.2083,41.0218620300293,10.09068594455719
150,3212.0168,3187.889,42.76664352416992,9.620663254261016
151,3186.8315,3187.783,42.7955322265625,10.407565014362335
152,3310.439,3200.0486,43.257083892822266,9.490746779441833
153,3408.2344,3220.8672,42.50682830810547,9.575493469238282
154,2891.575,3187.9377,42.566776275634766,9.524091720581055
155,3154.42,3184.5857,40.82081985473633,9.420074348449708
156,3332.022,3199.329,40.821109771728516,8.998473637104034
157,2945.5986,3173.9558,41.05276870727539,9.46843035697937
158,3452.0442,3201.7644,42.73288345336914,9.614263846874238
159,3396.8325,3221.2712,43.40205383300781,9.39884904384613
160,3193.417,3218.4858,43.31947326660156,10.19799834728241
161,3150.7961,3211.7168,41.94894027709961,8.933034081459045
162,3030.79,3193.624,41.517066955566406,9.655259494781495
163,3220.4495,3196.3064,41.70853805541992,10.727596294879913
164,2983.404,3175.016,40.917781829833984,9.382661266326904
165,3285.832,3186.0977,40.78636169433594,9.772863881587982
166,3236.0298,3191.0908,42.309844970703125,9.72874156475067
167,2945.64,3166.5457,41.27524948120117,10.271915276050567
168,3318.2585,3181.717,41.80879592895508,10.339900937080383
169,3447.8684,3208.332,40.80455780029297,9.31377022743225
170,3236.631,3211.1619,41.64152526855469,9.50124406337738
171,3458.0674,3235.8523,42.13709259033203,9.89195396900177
172,3218.6428,3234.1313,41.21489715576172,9.92055697441101
173,3626.686,3273.3867,41.11643981933594,9.344106936454773
174,3319.4863,3277.9966,39.368804931640625,9.39649052619934
175,3645.888,3314.7856,39.74022674560547,9.680793843269349
176,2898.7915,3273.186,40.82799530029297,9.439377064704894
177,3322.4177,3278.1091,40.93695068359375,8.908373155593871
178,3400.5056,3290.3486,40.687583923339844,9.469041199684144
179,3202.4036,3281.5542,41.2239990234375,9.386869215965271
180,3485.6873,3301.9673,41.3796272277832,9.968426539301872
181,3284.065,3300.177,41.39030456542969,9.077786221504212
182,3030.1936,3273.1785,43.879337310791016,9.16550951719284
183,3270.8271,3272.9434,42.89179229736328,9.613811864852906
184,3243.2441,3269.9734,42.649070739746094,9.911892256736756
185,3412.4578,3284.222,44.138023376464844,9.890424244403839
186,3113.0378,3267.1033,43.671531677246094,9.61264229774475
187,2819.5913,3222.352,38.72024154663086,9.355202951431274
188,3477.272,3247.844,38.43528747558594,9.921628291606902
189,3342.8784,3257.3474,41.53620147705078,8.908824064731597
190,3515.1147,3283.124,42.95231628417969,9.727871670722962
191,3248.6367,3279.6753,41.33286666870117,9.484878325462342
192,3377.044,3289.412,40.9407958984375,9.666491899490357
193,3361.4404,3296.6147,41.58475112915039,9.1870361328125
194,3390.8464,3306.0378,42.07293701171875,9.444213001728057
195,3461.6348,3321.5977,41.907711029052734,9.65160091638565
196,3165.1814,3305.9558,41.6500244140625,9.490599739551545
197,3300.8525,3305.4453,42.06034469604492,9.327454955577851
198,2951.0461,3270.0054,46.84583282470703,9.331310036182403
199,3446.7087,3287.6755,47.02206802368164,9.61347694158554
200,3107.6516,3269.673,44.66947555541992,9.209927411079407
201,3324.2212,3275.128,43.29637145996094,9.362696740627289
202,3421.4556,3289.7605,42.91688919067383,9.159579815864562
203,3375.2598,3298.3103,43.13204574584961,9.061070959568024
204,3547.4622,3323.2256,43.19121551513672,9.290143971443177
205,3383.6465,3329.2676,42.68000030517578,8.867735064029693
206,3206.6365,3317.0044,43.42906188964844,9.114075348377227
207,3272.626,3312.5667,42.28633499145508,8.957395281791687
208,3446.0688,3325.9167,42.504539489746094,9.596209502220153
209,3496.4495,3342.97,41.73051834106445,9.512311236858368
210,3429.235,3351.5964,42.59645462036133,9.483512068986892
211,3455.0676,3361.9436,43.012813568115234,9.124456212520599
212,3254.087,3351.158,47.30742263793945,9.319584825038909
213,3365.0476,3352.5469,46.97214126586914,9.630820844173432
214,3436.472,3360.9392,46.11275863647461,9.114530177116395
215,3645.8884,3389.434,46.12276840209961,9.556483646631241
216,3411.8882,3391.6792,46.589935302734375,9.281786570549011
217,3176.609,3370.172,46.90465545654297,8.991654169559478
218,3308.6191,3364.0166,45.49306106567383,9.77318220615387
219,3623.0964,3389.9243,47.94157409667969,9.184124619960786
220,3210.2273,3371.9546,47.88164138793945,9.123936166763306
221,3404.679,3375.227,47.80434799194336,9.38841299533844
222,3273.8184,3365.0862,48.6414794921875,9.309288949966431
223,3439.4717,3372.5247,49.85021209716797,9.471054499149323
224,3387.8533,3374.0576,49.50298309326172,8.871609477996826
225,3336.858,3370.3376,50.93035888671875,8.955179903507233
226,3233.639,3356.6675,49.1858024597168,9.018201742172241
227,3067.3865,3327.7393,48.355350494384766,8.898777623176574
228,3096.244,3304.5898,52.145851135253906,9.096707015037536
229,3318.1978,3305.9507,53.041046142578125,8.969016857147217
230,3068.6567,3282.2212,53.09413146972656,9.491446149349212
231,3407.685,3294.7676,45.587249755859375,9.35273145198822
232,3561.8877,3321.4795,46.13605499267578,9.333726918697357
233,3438.857,3333.2173,46.4846076965332,9.535619132518768
234,3489.2708,3348.8225,45.857295989990234,9.514245491027832
235,3229.4207,3336.8823,45.783180236816406,9.566113340854645
236,3357.8857,3338.9827,46.259090423583984,8.976502695083617
237,3399.8804,3345.0723,46.21559143066406,8.745781660079956
238,3363.86,3346.951,43.17433547973633,9.02302317738533
239,3481.4507,3360.401,43.778648376464844,9.023202986717225
240,3261.2405,3350.4846,45.161888122558594,9.473831851482391
241,3396.239,3355.06,43.373687744140625,9.285958056449891
242,3354.2637,3354.9802,45.05858612060547,8.771270322799683
243,3389.0203,3358.3843,43.33760070800781,8.95539012670517
244,3206.6414,3343.2097,44.208168029785156,8.805848643779754
245,3603.3208,3369.2207,44.85152816772461,9.494112491607666
246,3318.8284,3364.1814,44.06963348388672,9.05908151626587
247,3208.4285,3348.606,44.262760162353516,9.701131970882416
248,3249.8726,3338.7327,44.507232666015625,9.144049508571625
249,3400.472,3344.9065,45.69931411743164,9.049551753997802
250,3388.4648,3349.2622,46.79587936401367,9.35916319847107
251,3111.8772,3325.5237,44.12418746948242,9.402018976211547
252,3362.672,3329.2383,46.22020721435547,8.896719498634338
253,3477.2756,3344.042,46.73066329956055,8.858448272943496
254,3518.1309,3361.4507,49.18339920043945,8.706828205585479
255,3254.0662,3350.712,48.919979095458984,9.347759523391723
256,2912.5938,3306.9,47.59975051879883,8.79932742357254
257,3208.4604,3297.0557,46.5497932434082,8.731827325820923
258,3249.247,3292.275,45.39436721801758,9.815403320789336
259,3350.0698,3298.0544,43.80890655517578,9.354854302406311
260,3274.4568,3295.6948,46.30982971191406,8.968072979450225
261,3218.057,3287.931,44.05556106567383,8.639869451522827
262,3407.659,3299.9036,45.641265869140625,9.591885030269623
263,3453.8823,3315.3013,44.99010467529297,8.98811811208725
264,3569.0696,3340.678,44.494972229003906,8.697308082580566
265,3645.9077,3371.201,45.152976989746094,8.892976995706558
266,3067.398,3340.8206,46.58134460449219,9.46732698559761
267,3310.4202,3337.7805,46.42392349243164,8.535339620113373
268,3618.893,3365.8918,48.113895416259766,8.690532042980195
269,3645.9363,3393.896,48.87531280517578,9.598191254138946
270,2986.9897,3353.2053,46.345245361328125,8.960163190364838
271,3263.0288,3344.1877,46.08080291748047,9.144712016582488
272,3341.045,3343.8733,50.14025115966797,9.493375079631805
273,3399.8608,3349.472,48.194610595703125,8.447919089794159
274,3413.046,3355.8293,49.53400802612305,8.687710201740265
275,3047.0266,3324.949,47.782352447509766,8.837042502164842
276,3108.788,3303.333,49.87226486206055,9.382153824567794
277,3206.0535,3293.605,46.50197219848633,8.901315162181854
278,3400.4207,3304.2864,46.70693588256836,9.468778359889985
279,3502.469,3324.1045,44.7025146484375,9.51396199464798
280,3279.839,3319.6777,47.363121032714844,8.278614625930786
281,3438.2954,3331.5396,51.16457748413086,8.788730769157409
282,3281.0576,3326.4912,48.528724670410156,9.151509711742401
283,3447.867,3338.6287,49.7789306640625,8.828889725208283
284,3257.0605,3330.4717,48.42799377441406,8.719630794525147
285,3289.4336,3326.3677,46.45301818847656,8.881506824493409
286,3466.4575,3340.3765,46.93803787231445,8.982658236026763
287,3381.252,3344.4639,47.308773040771484,8.835832657814025
288,3377.052,3347.7227,48.305057525634766,8.785319254398345
289,3480.8772,3361.0378,48.185638427734375,9.00773379087448
290,3198.2788,3344.762,49.33559036254883,8.725997363328934
291,3334.449,3343.7305,48.951805114746094,8.822137577533722
292,3476.0613,3356.9636,51.97193145751953,9.393806257247924
293,3262.4631,3347.5134,51.5449104309082,8.94729365348816
294,3164.0452,3329.1665,52.73068618774414,9.431399021148682
295,3512.6746,3347.517,45.509544372558594,9.4731254029274
296,3491.071,3361.8726,47.167625427246094,9.270517077445984
297,3467.0706,3372.3923,47.15565490722656,8.649112894535065
298,3261.8389,3361.337,47.381256103515625,8.894960355758666
299,3244.4792,3349.6511,47.55736541748047,9.034113657474517
300,3569.687,3371.6548,45.84696960449219,8.606990277767181
301,3315.2515,3366.0144,46.2330322265625,9.548641667366027
302,3226.4128,3352.0542,45.56482696533203,8.733227190971375
303,2995.3794,3316.3865,46.11282730102539,8.6434274828434
304,3370.5159,3321.7993,46.02463912963867,8.581089391708375
305,3158.6309,3305.4824,45.790443420410156,9.012579338550568
306,3401.091,3315.0432,47.80434799194336,8.970314455032348
307,3518.6968,3335.4084,46.90152359008789,9.379096055030823
308,3347.0295,3336.5703,45.7588996887207,8.858175144195556
309,3349.4656,3337.8596,45.76382827758789,8.69577184677124
310,3270.8127,3331.1548,47.3819694519043,8.803283677101135
311,3472.4758,3345.2869,46.060420989990234,9.022543420791626
312,3441.8257,3354.9407,49.245967864990234,9.414527313709259
313,3531.8867,3372.6353,45.37495422363281,9.663931407928466
314,3150.2253,3350.394,45.968177795410156,8.737868621349335
315,3438.2544,3359.18,44.80972671508789,9.141763100624084
316,3275.0344,3350.7654,46.5374641418457,8.615762841701507
317,3156.7874,3331.3674,48.31718063354492,8.94898220062256
318,3319.4563,3330.1763,49.66051483154297,8.836193857192994
319,3033.775,3300.536,48.96392059326172,8.866833517551422
320,3393.8882,3309.871,47.65638732910156,8.891963562965394
321,3189.7964,3297.8635,48.02128601074219,8.998346021175385
322,3158.5847,3283.9355,44.869869232177734,8.90882466673851
323,3437.6484,3299.307,44.26151657104492,9.059640891551972
324,3224.6133,3291.8376,47.38152313232422,8.956123433113099
325,3327.295,3295.3833,47.348880767822266,9.028003463745117
326,3377.0112,3303.5461,46.24686813354492,9.09419163942337
327,3180.816,3291.273,46.07463836669922,8.944669958353042
328,3558.9043,3318.036,44.9820556640625,8.673669333457946
329,3385.4963,3324.7817,44.188053131103516,8.909924988746644
330,3162.8147,3308.585,45.22692108154297,9.14791095495224
331,3468.8447,3324.6108,47.889286041259766,9.766636910438537
332,3305.601,3322.7097,44.85760498046875,8.962572116851806
333,3349.4783,3325.3865,49.70802307128906,9.207761029601096
334,3626.0952,3355.4573,51.50956344604492,8.390938049554824
335,3290.1025,3348.9216,52.88840866088867,8.807009575366974
336,3372.2678,3351.256,52.02611541748047,9.082382452487945
337,3281.0767,3344.238,54.14555358886719,8.76685298681259
338,3516.243,3361.4385,52.48645782470703,8.609261658787727
339,3619.4824,3387.2427,59.81502914428711,9.21639976143837
340,3251.6248,3373.6807,65.76544952392578,8.909611537456513
341,3271.432,3363.4556,64.04083251953125,8.928665432929993
342,3073.4263,3334.4524,60.12201690673828,8.320157072544099
343,3645.889,3365.596,52.85688400268555,9.25524168729782
344,3365.0344,3365.5398,53.88837432861328,8.38804940700531
345,3299.08,3358.8938,51.70487594604492,8.88085031747818
346,3351.2407,3358.1284,52.201942443847656,9.15936309337616
347,3645.8884,3386.9043,51.61273193359375,9.090679030418396
348,3330.2463,3381.2385,52.57766342163086,9.005514612197876
349,3521.1184,3395.2263,51.17705535888672,8.619985352754593
350,3260.053,3381.709,51.89971923828125,9.159101691246033
351,3161.6304,3359.7012,51.038665771484375,8.941282086372375
352,3383.0537,3362.0364,52.075599670410156,8.533033912181855
353,3105.8213,3336.4148,49.08037567138672,8.642443122863769
354,3513.9055,3354.1638,66.5893325805664,9.892269506454468
355,3645.9836,3383.3457,61.908084869384766,9.249675159454346
356,3596.7349,3404.6846,45.877445220947266,8.71748542547226
357,3277.4893,3391.965,44.96684646606445,8.87652821302414
358,3071.0208,3359.8706,46.107452392578125,9.144992179870606
359,3476.6682,3371.5503,45.702728271484375,8.862434883117675
360,3420.8367,3376.479,44.86076354980469,9.23401080608368
361,3557.6824,3394.5994,45.1688117980957,8.70451228260994
362,3398.0713,3394.9465,44.302703857421875,8.182320675849915
363,3369.2786,3392.38,43.77884292602539,8.255282361507415
364,3385.4414,3391.686,44.98091506958008,8.375162663459777
365,3215.609,3374.0781,45.129432678222656,9.069975049495698
366,3305.1023,3367.1804,45.23807144165039,8.963321228027343
367,2946.2004,3325.0825,44.5968132019043,9.019514416456223
368,3567.2708,3349.3013,44.85576629638672,9.077602965831757
369,3468.3022,3361.2014,45.0129280090332,8.751416432857514
370,3314.6174,3356.543,45.40696716308594,8.81748361825943
371,3414.2522,3362.314,45.73508071899414,8.431689658164977
372,3243.8591,3350.4685,45.88009262084961,8.2904301404953
373,3260.6045,3341.4822,46.69975280761719,8.694779655933381
374,3387.238,3346.0579,45.97549057006836,8.700241956710816
375,3391.4478,3350.5967,45.2015380859375,8.55799880027771
376,3465.2673,3362.0635,47.021305084228516,8.457279213666915
377,3176.0173,3343.4587,47.74954605102539,9.33453714132309
378,3445.467,3353.6594,50.26158142089844,8.837319123744965
379,3220.5117,3340.3447,48.30559539794922,8.5241228890419
380,3618.8936,3368.1995,47.3348503112793,8.780320054888726
381,3569.6719,3388.3467,46.935115814208984,8.787190313339233
382,3228.8381,3372.3958,45.84246063232422,8.39529477596283
383,3645.9377,3399.7498,50.818782806396484,8.218207428455353
384,3242.0654,3383.9812,51.449546813964844,8.762655260562896
385,3251.6907,3370.752,49.878055572509766,9.224448854923248
386,3645.8877,3398.2656,50.2821159362793,8.71664362668991
387,3314.0417,3389.8433,51.47150802612305,8.99871755719185
388,3275.0127,3378.36,47.05735778808594,8.310153930187225
389,3444.2458,3384.9485,50.058589935302734,8.542140597105027
390,3246.8367,3371.1372,51.50100326538086,8.854142653942109
391,3054.2551,3339.449,46.323551177978516,8.33147827386856
392,3399.8833,3345.4922,47.0064582824707,9.062579888105393
393,3120.8123,3323.0242,48.234073638916016,8.679507336616517
394,3645.8877,3355.3105,45.31808853149414,8.715505540370941
395,3189.2073,3338.7,46.31819152832031,8.034321427345276
396,3328.4753,3337.6772,45.43812561035156,9.07574161529541
397,3470.0574,3350.915,47.254905700683594,8.507766063213348
398,3171.2268,3332.9463,48.6072883605957,8.54176617860794
399,3273.268,3326.9785,48.01713180541992,8.676140940189361
400,3028.4314,3297.1235,43.31696701049805,8.811099717617035
401,3119.625,3279.3735,43.1680908203125,9.073390793800353
402,3139.455,3265.3816,44.91443634033203,8.774083206653595
403,3492.881,3288.1313,44.45669174194336,8.341994891166687
404,3645.8882,3323.907,45.72035217285156,8.501781854629517
405,3618.894,3353.4055,47.144283294677734,8.794743492603303
406,3573.9368,3375.4585,48.72258758544922,8.276715888977051
407,3465.8787,3384.5005,47.00833511352539,9.129111895561218
408,3309.2788,3376.9783,45.25850296020508,8.745890128612519
409,3580.4746,3397.3276,45.65488052368164,9.11467707157135
410,3426.2683,3400.2217,46.137107849121094,9.267017059326172
411,3539.1265,3414.112,47.150203704833984,8.635770108699798
412,3364.4307,3409.1438,49.7932014465332,9.129873342514038
413,3347.071,3402.9363,51.69432830810547,8.872583482265473
414,3530.639,3415.7065,54.88682556152344,8.84558025598526
415,3218.0452,3395.9402,52.85165786743164,8.520121071338654
416,3417.8428,3398.1304,53.258602142333984,8.442617032527924
417,3566.076,3414.9248,54.31782913208008,9.22930348753929
418,3490.4392,3422.476,57.592506408691406,8.495510778427125
419,3523.5056,3432.5789,58.782005310058594,8.38261165380478
420,3492.8462,3438.6055,58.85822677612305,8.080260577201843
421,3189.273,3413.672,60.57978820800781,9.589156889915467
422,3483.2996,3420.6348,67.95355987548828,8.957174961566926
423,3399.2368,3418.4949,55.5471076965332,8.764254157543183
424,3336.2834,3410.2737,54.44095993041992,9.131329607963561
425,2929.9805,3362.2444,56.90987777709961,8.482459175586701
426,3623.0813,3388.328,54.521751403808594,8.230824327468872
427,3153.2473,3364.8198,57.08352279663086,8.825294404029846
428,3248.0342,3353.141,53.420467376708984,8.654522981643677
429,3264.2327,3344.2502,57.19224548339844,9.260883994102478
430,3141.2278,3323.948,48.251529693603516,8.487565760612489
431,3455.0425,3337.0574,48.909515380859375,8.334818255901336
432,3166.3943,3319.991,45.07314682006836,8.474820137023926
433,3202.458,3308.2375,46.9600715637207,8.498356363773347
434,3423.2646,3319.7402,45.000572204589844,8.86270429611206
435,3477.8833,3335.5544,45.48663330078125,9.175314028263092
436,3530.6838,3355.0674,45.37013626098633,8.452453954219818
437,3385.445,3358.105,47.337486267089844,9.057017498016357
438,3479.6633,3370.2607,43.51955795288086,8.777592022418975
439,3454.4353,3378.6782,44.80792236328125,8.365432773828507
440,3422.6858,3383.0789,47.8137092590332,8.871541483402252
441,3430.4749,3387.8184,52.32570266723633,8.418026955127717
442,3545.1099,3403.5474,51.826480865478516,8.261740009784699
443,3243.8416,3387.5767,54.45207977294922,8.817693617343902
444,3517.4468,3400.5635,53.390281677246094,8.802826708555221
445,3464.6907,3406.976,55.424983978271484,8.984295592308044
446,3386.6658,3404.9448,52.54753494262695,8.6913272356987
447,3609.3027,3425.3804,54.07451248168945,8.33706199169159
448,3384.282,3421.2705,53.2638053894043,8.359612745046615
449,3426.2432,3421.7676,57.51382827758789,9.065001480579376
450,3447.2917,3424.32,54.920345306396484,8.413962206840516
451,3311.693,3413.0571,52.46247863769531,8.422752017974853
452,3345.2651,3406.2778,51.98427200317383,8.933481934070587
453,3348.9153,3400.5415,53.05447006225586,8.14667589366436
454,3202.4075,3380.728,45.902130126953125,8.579842321872711
455,3281.6538,3370.8203,49.23456573486328,9.12139041185379
456,3604.4814,3394.1865,47.380165100097656,8.435882947444917
457,3509.6697,3405.7349,46.99806594848633,8.393562445640564
458,3537.2808,3418.8894,43.827964782714844,8.412888820171355
459,3623.1277,3439.3132,44.65986251831055,8.235926127433777
460,3498.2634,3445.2083,45.034114837646484,8.718847155570984
461,3476.0916,3448.2964,46.154327392578125,8.304526951313019
462,3234.2466,3426.891,50.13572692871094,8.923281984329224
463,3220.455,3406.2473,48.72807693481445,8.744738597869873
464,3314.6692,3397.0894,48.772830963134766,8.471783030033112
465,3018.1953,3359.2,60.451908111572266,8.421246223449707
466,3162.2358,3339.5034,55.79580307006836,8.369554028511047
467,3260.0122,3331.5542,55.68149948120117,8.3722061419487
468,3374.709,3335.8696,57.738502502441406,8.452376523017882
469,3462.8557,3348.568,53.636070251464844,8.97696183204651
470,3521.655,3365.8767,53.38627243041992,9.0665611243248
471,3231.2258,3352.4116,53.817169189453125,8.134115622043609
472,3525.8555,3369.7559,54.24271011352539,8.700067541599275
473,3213.8484,3354.165,52.274085998535156,8.187825701236726
474,3591.892,3377.9377,53.86141586303711,8.223544790744782
475,3587.079,3398.8518,55.58140182495117,8.413176317214965
476,3433.4749,3402.314,57.24513244628906,8.039626458883285
477,3369.8394,3399.0664,62.11813735961914,9.39350706577301
478,3521.0415,3411.264,62.74346160888672,8.80222633600235
479,3129.228,3383.0603,62.10413360595703,8.853945801258087
480,3418.4878,3386.603,51.396724700927734,8.036715669631958
481,3068.0105,3354.7437,48.90694046020508,8.682846735715867
482,3292.4324,3348.5125,47.74574279785156,7.837430305480957
483,3183.24,3331.985,48.67152786254883,8.837046275138855
484,3383.623,3337.149,46.676326751708984,8.463166217803956
485,3125.6123,3315.995,47.75865173339844,8.238164966106416
486,3623.0803,3346.7036,45.948665618896484,8.55593559026718
487,3330.8184,3345.115,46.679710388183594,8.909225254058837
488,3475.464,3358.15,46.41120910644531,8.500192377567291
489,3564.2861,3378.7634,46.5632438659668,8.740003678798676
490,3558.8694,3396.774,51.282920837402344,8.631211869716644
491,3272.618,3384.3582,54.83629608154297,8.446980595588684
492,3301.4207,3376.0645,58.80779266357422,8.424564723968507
493,2820.768,3320.535,57.518821716308594,8.073480311632157
494,3168.818,3305.3633,59.8110466003418,8.568026311397553
495,3203.6685,3295.1938,58.22686767578125,8.146835842132568
496,3338.0105,3299.4753,63.048744201660156,8.725196441411972
497,3307.4255,3300.2705,52.42837905883789,8.380335085391998
498,3272.627,3297.506,54.73430252075195,8.443512842655181
499,3541.464,3321.9019,56.371498107910156,8.384494726657868
